ID,rank,views,company,title,link,file_path,unique_article_ID,topic
3171,0,1823020,312,"신기루, 법정 구속됐다…""혐의 인정 못해"" 결국 상습 허언죄로 입소 ('배불리힐스')",https://m.entertain.naver.com/ranking/article/312/0000731345,C:/Users/WINDOWS 11/Desktop/kpop_agenda/data\20251014_article_1.txt,2715,1
2491,0,1613144,410,"이수근, 병중 아내 곁 지킨 속 깊은 슬픔…김준호·김지민→신지도 조용한 위로",https://m.entertain.naver.com/ranking/article/410/0001082731,C:/Users/WINDOWS 11/Desktop/kpop_agenda/data\20250807_article_1.txt,2066,3
971,0,1477274,312,"'44세' 이동건, 조윤희와 이혼 5년 만에 새출발 한다…""동행하게 돼 기뻐"" [공식]",https://m.entertain.naver.com/ranking/article/312/0000703333,C:/Users/WINDOWS 11/Desktop/kpop_agenda/data\20250308_article_1.txt,816,-1
2791,0,1465801,117,"[단독]""매니저도 안돼…"" 김종국, 강남 J호텔서 결혼식 마쳐",https://m.entertain.naver.com/ranking/article/117/0003985104,C:/Users/WINDOWS 11/Desktop/kpop_agenda/data\20250906_article_1.txt,2395,0
1911,0,1429916,117,"다니엘 헤니, 화상통화로 작별 인사…""마지막까지 곁에 못 있어줘 미안해"" [로스코]",https://m.entertain.naver.com/ranking/article/117/0003951756,C:/Users/WINDOWS 11/Desktop/kpop_agenda/data\20250610_article_1.txt,1634,-1
3131,0,1425348,117,"'한고은♥' 신영수, 수년째 무직…""스카우트 無, 백수란 말 안 괜찮아"" [마데핫리뷰]",https://m.entertain.naver.com/ranking/article/117/0003995957,C:/Users/WINDOWS 11/Desktop/kpop_agenda/data\20251010_article_1.txt,2678,-1
3541,0,1409302,311,"""모두 진짜였다"" 이이경 사생활 루머 폭로자, 계정 삭제…'극심한 피해' 어쩌나 [엑's 이슈]",https://m.entertain.naver.com/ranking/article/311/0001944046,C:/Users/WINDOWS 11/Desktop/kpop_agenda/data\20251120_article_1.txt,3030,1
1561,0,1407990,415,"개그맨 부부 또 탄생…김준호♥김지민 앞서는 ""양세찬♥박나래 추천""",https://m.entertain.naver.com/ranking/article/415/0000037772,C:/Users/WINDOWS 11/Desktop/kpop_agenda/data\20250506_article_1.txt,1322,0
3061,0,1406119,76,"샘 해밍턴 9살 아들 벤틀리 ""난 한국인 아닌 호주 사람""...정체성 벌써 정했다",https://m.entertain.naver.com/ranking/article/076/0004331256,C:/Users/WINDOWS 11/Desktop/kpop_agenda/data\20251003_article_1.txt,2621,-1
2861,0,1374750,312,"김대호, 제대로 사고쳤다…달동네 2억집 싹 고쳤는데 ""20박스 모래 부어"" ('나혼산')",https://m.entertain.naver.com/ranking/article/312/0000727582,C:/Users/WINDOWS 11/Desktop/kpop_agenda/data\20250913_article_1.txt,2447,2
2871,0,1368448,477,"'전날도 소통했는데' 故오인혜, 36살로 떠났다…오늘(14일) 5주기",https://m.entertain.naver.com/ranking/article/477/0000568829,C:/Users/WINDOWS 11/Desktop/kpop_agenda/data\20250914_article_1.txt,2455,3
3381,0,1365407,76,"이천수♥심하은, 결혼 13년만 중대 결정..쌍둥이 남매 가정보육 ""봄까지 잘해보자""",https://m.entertain.naver.com/ranking/article/076/0004342941,C:/Users/WINDOWS 11/Desktop/kpop_agenda/data\20251104_article_1.txt,2899,0
1821,0,1357383,477,"[단독]이동건, '이혼' 후 16살 연하 강해림과 열애 심경 ""행복하다""",https://m.entertain.naver.com/ranking/article/477/0000552978,C:/Users/WINDOWS 11/Desktop/kpop_agenda/data\20250601_article_1.txt,1536,0
3041,0,1343691,312,"""항의 빗발쳐""…김수용 영상, 결국 삭제됐다 ""한시간 만에 내려"" ('라스')",https://m.entertain.naver.com/ranking/article/312/0000730007,C:/Users/WINDOWS 11/Desktop/kpop_agenda/data\20251001_article_1.txt,2603,2
3071,0,1333708,312,"'나혼산' 멤버, 6년 만에 품절남 됐다…10월 결혼, 신혼집 최초 공개",https://m.entertain.naver.com/ranking/article/312/0000730424,C:/Users/WINDOWS 11/Desktop/kpop_agenda/data\20251004_article_1.txt,2631,0
3261,0,1274500,144,"[단독] 박봄, 양현석 고소에 소속사 “우리도 컨트롤 안돼”",https://m.entertain.naver.com/ranking/article/144/0001075020,C:/Users/WINDOWS 11/Desktop/kpop_agenda/data\20251023_article_1.txt,2794,3
471,0,1273737,433,"[단독] 김민희, 임신 6개월 포착…홍상수, 64살 아빠 된다",https://m.entertain.naver.com/ranking/article/433/0000112896,C:/Users/WINDOWS 11/Desktop/kpop_agenda/data\20250117_article_1.txt,407,0
1291,0,1270847,312,"오정연, 서장훈과 이혼 심경 밝혔다…""최고의 남편 아냐, 꿈꾸던 결혼 생활 못해"" ('솔로라서')",https://m.entertain.naver.com/ranking/article/312/0000707469,C:/Users/WINDOWS 11/Desktop/kpop_agenda/data\20250409_article_1.txt,1086,0
211,0,1250147,311,깜짝 임신 발표→대형 말실수·견제→장나라까지 ♥남편 언급 ★ '말말말' [SBS 연기대상②],https://m.entertain.naver.com/ranking/article/311/0001809221,C:/Users/WINDOWS 11/Desktop/kpop_agenda/data\20241222_article_1.txt,187,-1
1591,0,1230633,312,"[종합] 기안84, 박수칠 때 떠난다…""한달 앓아 누워, 유종의 미 거둔 마음"" ('태계일주4')",https://m.entertain.naver.com/ranking/article/312/0000710986,C:/Users/WINDOWS 11/Desktop/kpop_agenda/data\20250509_article_1.txt,1346,-1
1881,0,1219356,109,"박나래, 도난 당했던 '수천만 원대 명품=김지민 웨딩소품'이었다..화보 불참까지",https://m.entertain.naver.com/ranking/article/109/0005323194,C:/Users/WINDOWS 11/Desktop/kpop_agenda/data\20250607_article_1.txt,1608,-1
3441,0,1173713,144,"‘10kg 감량’ 현아, 마카오 워터밤 공연 중 기절…극단적 다이어트 후유증?",https://m.entertain.naver.com/ranking/article/144/0001078910,C:/Users/WINDOWS 11/Desktop/kpop_agenda/data\20251110_article_1.txt,2951,-1
3501,0,1173479,312,"임우일, 결국 사과했다…궁상 떨더니 제네시스 끌고 승마가 취미 ""죄송해"" ('나혼산')",https://m.entertain.naver.com/ranking/article/312/0000736072,C:/Users/WINDOWS 11/Desktop/kpop_agenda/data\20251116_article_1.txt,3004,0
3181,0,1166046,76,"이수지, 백화점에서 연예인DC 요구 ""100만 원만 깎아달라 했다"" ('살롱드립')",https://m.entertain.naver.com/ranking/article/076/0004334624,C:/Users/WINDOWS 11/Desktop/kpop_agenda/data\20251015_article_1.txt,2725,2
871,0,1156916,312,"현아, 볼록한 D라인에 깜짝 ""관리했지만 70kg 넘었다""",https://m.entertain.naver.com/ranking/article/312/0000702100,C:/Users/WINDOWS 11/Desktop/kpop_agenda/data\20250226_article_1.txt,724,-1
3511,0,1121204,76,"배정남, 산책 중 시신 발견해 119 신고 ""사고 장소에 소주 붓고 노잣돈 묻어"" ('미우새')",https://m.entertain.naver.com/ranking/article/076/0004347073,C:/Users/WINDOWS 11/Desktop/kpop_agenda/data\20251117_article_1.txt,3011,1
1241,0,1115628,312,"""김수현 연락 안되면 죽어""…120억 손배소에도, 사진·메시지 또 추가 폭로 [TEN이슈]",https://m.entertain.naver.com/ranking/article/312/0000706856,C:/Users/WINDOWS 11/Desktop/kpop_agenda/data\20250404_article_1.txt,1043,-1
931,0,1108671,312,"'47세' 장민호, 결국 고개 숙였다…상대는 15살 연하 女, ""사과 드리려 해"" ('세차JANG')",https://m.entertain.naver.com/ranking/article/312/0000702733,C:/Users/WINDOWS 11/Desktop/kpop_agenda/data\20250304_article_1.txt,783,2
972,0,1107631,76,"김숙♥구본승, 조심스럽게 만남 중...최측근도 인정 ""숙이를 너무 귀여워해""",https://m.entertain.naver.com/ranking/article/076/0004251906,C:/Users/WINDOWS 11/Desktop/kpop_agenda/data\20250308_article_2.txt,817,-1
731,0,1104227,312,"'박위♥' 송지은, 아기 품에 안았다 ""오래도록 기억하고 싶은 순간""",https://m.entertain.naver.com/ranking/article/312/0000700246,C:/Users/WINDOWS 11/Desktop/kpop_agenda/data\20250212_article_1.txt,611,-1
801,0,1102695,76,"♥하하 정관수술 했는데 '넷째 임신'이라니..별 ""원래 임신 잘되는 체질, 걱정 돼"" ('애라원')[종합]",https://m.entertain.naver.com/ranking/article/076/0004246310,C:/Users/WINDOWS 11/Desktop/kpop_agenda/data\20250219_article_1.txt,665,1
973,0,1099982,312,"최현석 셰프, 터질게 터졌다…""저 사람 양아치야"" 동료도 손절[페루밥]",https://m.entertain.naver.com/ranking/article/312/0000703348,C:/Users/WINDOWS 11/Desktop/kpop_agenda/data\20250308_article_3.txt,818,1
932,0,1089203,312,"'박지연♥' 이수근, 가정 폭력에 극단적 선택 했는데…""입 밖에도 내지마"" ('물어보살')",https://m.entertain.naver.com/ranking/article/312/0000702718,C:/Users/WINDOWS 11/Desktop/kpop_agenda/data\20250304_article_2.txt,782,-1
2751,0,1081954,477,"원더걸스 유빈, 가족 암투병에 도움 호소 ""연 2억 치료제 건강보험 요청""[전문]",https://m.entertain.naver.com/ranking/article/477/0000566878,C:/Users/WINDOWS 11/Desktop/kpop_agenda/data\20250902_article_1.txt,2359,-1
811,0,1077716,312,"고현정 전남편, 결국 손절했다…""헤어지는 길, 욕심 버리지 못해"" ('라스')",https://m.entertain.naver.com/ranking/article/312/0000701289,C:/Users/WINDOWS 11/Desktop/kpop_agenda/data\20250220_article_1.txt,673,2
2781,0,1072216,117,"이민정, 손예진이 찍어준 사진에 팬들 비난…""신성한 장소에서 가방 광고?""",https://m.entertain.naver.com/ranking/article/117/0003984621,C:/Users/WINDOWS 11/Desktop/kpop_agenda/data\20250905_article_1.txt,2385,1
1201,0,1069146,109,"'야인시대' 남일우, ""마지막 몸무게 38kg"" 갑작스런 비보…♥김용림 큰 슬픔 '1주기' [Oh!쎈 이슈]",https://m.entertain.naver.com/ranking/article/109/0005272816,C:/Users/WINDOWS 11/Desktop/kpop_agenda/data\20250331_article_1.txt,1013,-1
1011,0,1067749,117,"'배용준♥' 박수진, 실물 근황에 술렁…""아직 고등학생, 너무 예뻐"" [MD리뷰](종합)",https://m.entertain.naver.com/ranking/article/117/0003920867,C:/Users/WINDOWS 11/Desktop/kpop_agenda/data\20250312_article_1.txt,852,-1
2651,0,1053957,433,"[단독] 린·이수, 결혼 11년 만에 이혼…""각자 위치에서, 서로 응원""",https://m.entertain.naver.com/ranking/article/433/0000119988,C:/Users/WINDOWS 11/Desktop/kpop_agenda/data\20250823_article_1.txt,2270,-1
3491,0,1052027,117,"‘미성년 성폭행’ 엑소 출신 크리스, 감옥서 장기적출당해 사망?[MD이슈](종합)",https://m.entertain.naver.com/ranking/article/117/0004008925,C:/Users/WINDOWS 11/Desktop/kpop_agenda/data\20251115_article_1.txt,2994,1
1101,0,1048291,468,"‘굿데이’ 결방 지드래곤, SNS에 의미심장한 메시지 “정신 차려 이 각박한 세상 속에서”",https://m.entertain.naver.com/ranking/article/468/0001133752,C:/Users/WINDOWS 11/Desktop/kpop_agenda/data\20250321_article_1.txt,923,-1
1391,0,1045505,109,"'런닝맨' 꾹멍커플 탄생…김종국♥송지효, 애칭은 ""여보""",https://m.entertain.naver.com/ranking/article/109/0005287041,C:/Users/WINDOWS 11/Desktop/kpop_agenda/data\20250419_article_1.txt,1171,2
3581,0,1044754,108,"80세 임현식, 농약 먹고 충격 응급실行..""정신 잃었다""[알토란]",https://m.entertain.naver.com/ranking/article/108/0003386510,C:/Users/WINDOWS 11/Desktop/kpop_agenda/data\20251124_article_1.txt,3067,3
2661,0,1040896,108,"슈퍼주니어 어쩌나..김희철, 동해 고소→법무법인 선임 [스타이슈]",https://m.entertain.naver.com/ranking/article/108/0003359375,C:/Users/WINDOWS 11/Desktop/kpop_agenda/data\20250824_article_1.txt,2279,-1
2601,0,1039662,312,"'후 아빠' 윤민수, 이혼 후 근황 ""전처와 동거 중…두 달 전 서류 정리""('미우새')",https://m.entertain.naver.com/ranking/article/312/0000723963,C:/Users/WINDOWS 11/Desktop/kpop_agenda/data\20250818_article_1.txt,2225,0
3021,0,1029428,108,"신동, ""이혼했다"" 솔직 고백..15년 전 공개 프러포즈→결별 후폭풍 여전 [스타이슈]",https://m.entertain.naver.com/ranking/article/108/0003370512,C:/Users/WINDOWS 11/Desktop/kpop_agenda/data\20250929_article_1.txt,2585,0
841,0,1027555,410,"백지영, 태국서 블랙 비키니 입고 겹경사…현지 캐디 “35살 러블리 걸” 극찬",https://m.entertain.naver.com/ranking/article/410/0001052061,C:/Users/WINDOWS 11/Desktop/kpop_agenda/data\20250223_article_1.txt,696,-1
3481,0,1026711,312,"'루미코♥' 김정민, 별거 2년 만에 이혼 통보 받았다…""기분 나쁘고 서운해"" ('각집부부')",https://m.entertain.naver.com/ranking/article/312/0000735825,C:/Users/WINDOWS 11/Desktop/kpop_agenda/data\20251114_article_1.txt,2986,-1
1461,0,1024100,312,"유재석, 결국 사과했다…촬영 중 수습 불가 말실수, ""죄송하다"" ('놀뭐')",https://m.entertain.naver.com/ranking/article/312/0000709567,C:/Users/WINDOWS 11/Desktop/kpop_agenda/data\20250426_article_1.txt,1235,2
821,0,1021518,312,"사업가 된 안재현, 이혼 5년 만에 ♥핑크빛…""사랑하는 이에게 선물하는 순간 행복해""",https://m.entertain.naver.com/ranking/article/312/0000701421,C:/Users/WINDOWS 11/Desktop/kpop_agenda/data\20250221_article_1.txt,679,1
3141,0,1021083,312,"'정은채♥' 김충재, 기쁜 소식 전했다…공개 열애 1년 7개월 만에 '나혼산' 출격 [TEN이슈]",https://m.entertain.naver.com/ranking/article/312/0000731036,C:/Users/WINDOWS 11/Desktop/kpop_agenda/data\20251011_article_1.txt,2688,1
1751,0,1020874,312,"'하정우와 ♥열애설' 강말금, 입 열었다…""어머니도 좋아해"" ('보고싶었어')",https://m.entertain.naver.com/ranking/article/312/0000712911,C:/Users/WINDOWS 11/Desktop/kpop_agenda/data\20250525_article_1.txt,1502,-1
1861,0,1010528,109,"안정환♥이혜원, 미국 이민 간다…""샌프란시스코에서 살고 싶어"" (선넘패)",https://m.entertain.naver.com/ranking/article/109/0005320925,C:/Users/WINDOWS 11/Desktop/kpop_agenda/data\20250605_article_1.txt,1592,1
1251,0,1001686,312,"[종합] 나영석PD ""KBS 다닐 때 행복했다…이혼 후에도 시댁과 친한 느낌""('채널십오야')",https://m.entertain.naver.com/ranking/article/312/0000706957,C:/Users/WINDOWS 11/Desktop/kpop_agenda/data\20250405_article_1.txt,1051,-1
1141,0,1000936,108,"김재중, 할아버지 된다 ""아이돌 최초..새 생명 생겨""",https://m.entertain.naver.com/ranking/article/108/0003314225,C:/Users/WINDOWS 11/Desktop/kpop_agenda/data\20250325_article_1.txt,959,3
2591,0,999199,117,"안선영, '이혼'에 답했다…""부부합 안맞아, 몇 년 전부터 따로"" [MD이슈]",https://m.entertain.naver.com/ranking/article/117/0003976979,C:/Users/WINDOWS 11/Desktop/kpop_agenda/data\20250817_article_1.txt,2216,0
3391,0,996222,312,"조째즈, 결국 고개 숙였다…女앵커에 ""정식으로 사과 드려"" ('데이앤나잇')",https://m.entertain.naver.com/ranking/article/312/0000734606,C:/Users/WINDOWS 11/Desktop/kpop_agenda/data\20251105_article_1.txt,2909,-1
1822,0,994620,410,"박준금, 너무 더워서 루이비통에 크록스 신었다…‘60대 하객룩’ 찢었다",https://m.entertain.naver.com/ranking/article/410/0001070973,C:/Users/WINDOWS 11/Desktop/kpop_agenda/data\20250601_article_2.txt,1559,-1
1361,0,986690,477,"[단독]나영석 PD, 비행기서 만취 승객 막았다…""온몸으로"" 훈훈 미담",https://m.entertain.naver.com/ranking/article/477/0000545083,C:/Users/WINDOWS 11/Desktop/kpop_agenda/data\20250416_article_1.txt,1144,3
3561,0,984743,311,"김우빈, ♥신민아와 결혼 이어 '복권 당첨' 겹경사…""베풀면 또"" (콩콩팡팡)",https://m.entertain.naver.com/ranking/article/311/0001944741,C:/Users/WINDOWS 11/Desktop/kpop_agenda/data\20251122_article_1.txt,3047,2
2951,0,984053,312,"'새신랑' 김종국, ♥연하 아내 신상 공개했다…""휴가 내고 집에 있어, 단아하고 눈이 예쁜 분"" ('런닝맨') [종합]",https://m.entertain.naver.com/ranking/article/312/0000728783,C:/Users/WINDOWS 11/Desktop/kpop_agenda/data\20250922_article_1.txt,2525,0
2471,0,981439,108,"이종혁, 故송영규 사망에 ""나약해서 실망""..빈소서 추모의 글 [스타이슈]",https://m.entertain.naver.com/ranking/article/108/0003353916,C:/Users/WINDOWS 11/Desktop/kpop_agenda/data\20250805_article_1.txt,649,3
3251,0,980217,76,"'세 딸 입양' 진태현, ""왜 성인만 입양하냐"" 비판에 입 열었다...""우리의 방식""",https://m.entertain.naver.com/ranking/article/076/0004337079,C:/Users/WINDOWS 11/Desktop/kpop_agenda/data\20251022_article_1.txt,2787,0
2991,0,968289,76,"서장훈, '탕웨이 닮은 재력가' 여친과 1년 연애 ""많이 사랑하는 사이"" ('마이턴')",https://m.entertain.naver.com/ranking/article/076/0004328002,C:/Users/WINDOWS 11/Desktop/kpop_agenda/data\20250926_article_1.txt,2560,2
1931,0,957300,477,"은지원, 이혼 13년 만에 재혼한다…""웨딩사진 촬영 완료, 연내 결혼식""[공식입장]",https://m.entertain.naver.com/ranking/article/477/0000554739,C:/Users/WINDOWS 11/Desktop/kpop_agenda/data\20250612_article_1.txt,1275,0
2741,0,957021,312,"""사회는 유재석"" 김종국, ♥예비신부 정체 밝혔다…""방송 출연 NO, 나랑 완전 달라"" ('런닝맨')",https://m.entertain.naver.com/ranking/article/312/0000725821,C:/Users/WINDOWS 11/Desktop/kpop_agenda/data\20250901_article_1.txt,2349,0
1041,0,956577,109,"[단독] 김수현, 故김새론 열애 왜 숨겼나 ""4년 전 결별 인정 어려워"" (종합)",https://m.entertain.naver.com/ranking/article/109/0005261520,C:/Users/WINDOWS 11/Desktop/kpop_agenda/data\20250315_article_1.txt,872,-1
2251,0,953531,108,[단독]'박나래 아니었다'..김준호♥김지민 결혼식 부케는 한윤서 품에,https://m.entertain.naver.com/ranking/article/108/0003347143,C:/Users/WINDOWS 11/Desktop/kpop_agenda/data\20250714_article_1.txt,1539,0
2481,0,953362,433,"[단독] 홍진경, 결혼 22년만에 이혼…""귀책 사유 없이, 서로 합의""",https://m.entertain.naver.com/ranking/article/433/0000119327,C:/Users/WINDOWS 11/Desktop/kpop_agenda/data\20250806_article_1.txt,2118,0
3591,0,952314,52,"[단독] 고원희, 2년 만에 결혼생활 마침표…법적 절차 없이 마무리",https://m.entertain.naver.com/ranking/article/052/0002277816,C:/Users/WINDOWS 11/Desktop/kpop_agenda/data\20251125_article_1.txt,3075,0
1131,0,945893,109,"故김수미, 유품서 수백장 복권+통장 뭉치 발견..子정명호 ""1초도 잊지 못해"" ('아빠하고')",https://m.entertain.naver.com/ranking/article/109/0005267363,C:/Users/WINDOWS 11/Desktop/kpop_agenda/data\20250324_article_1.txt,949,3
3482,0,945048,416,"엑소 中 멤버 출신 크리스, 교도소 복역 중 사망설 확산...""공식 발표 無""",https://m.entertain.naver.com/ranking/article/416/0000318636,C:/Users/WINDOWS 11/Desktop/kpop_agenda/data\20251114_article_2.txt,2987,3
2752,0,944236,52,"[단독] 윤정수, 12살 연하 아내는 '광저우 여신' 원자현",https://m.entertain.naver.com/ranking/article/052/0002241108,C:/Users/WINDOWS 11/Desktop/kpop_agenda/data\20250902_article_2.txt,2360,0
1362,0,943065,312,'친형 소송' 박수홍에 하차 통보하더니…가족 화해 프로젝트 신설한 '동치미' [TEN이슈],https://m.entertain.naver.com/ranking/article/312/0000708254,C:/Users/WINDOWS 11/Desktop/kpop_agenda/data\20250416_article_2.txt,1145,1
941,0,940195,312,"[공식] 이준혁, 겹경사 터졌다…한지민과 ♥핑크빛 결실 ""온전히 서게 될 자리""",https://m.entertain.naver.com/ranking/article/312/0000702908,C:/Users/WINDOWS 11/Desktop/kpop_agenda/data\20250305_article_1.txt,791,1
3601,0,938779,109,"31세 강서하, 위암 투병 끝 사망..진통제 복용하며 찍은 유작 스틸 공개",https://m.entertain.naver.com/ranking/article/109/0005437143,C:/Users/WINDOWS 11/Desktop/kpop_agenda/data\20251126_article_1.txt,3083,1
221,0,938443,433,"[단독] ""출근? 처음부터 안했다""…송민호, 복무부실의 목격자",https://m.entertain.naver.com/ranking/article/433/0000112108,C:/Users/WINDOWS 11/Desktop/kpop_agenda/data\20241223_article_1.txt,194,2
2652,0,938311,108,"'신서유기' '삼시세끼' 이주형 PD, 퇴근길 교통사고 사망..오늘 1주기",https://m.entertain.naver.com/ranking/article/108/0003359205,C:/Users/WINDOWS 11/Desktop/kpop_agenda/data\20250823_article_2.txt,2271,3
1841,0,938076,312,"""이혼 귀책 사유는 남편""…'연매출 20억' 유명 셰프, 재산 분할에 '충격' ('동상이몽2')",https://m.entertain.naver.com/ranking/article/312/0000714059,C:/Users/WINDOWS 11/Desktop/kpop_agenda/data\20250603_article_1.txt,1573,-1
2992,0,936843,76,"'정호연과 9년 연애후 결별' 이동휘 ""결혼 빨리 하려했지만..이젠 늦었다""(조째즈)",https://m.entertain.naver.com/ranking/article/076/0004328223,C:/Users/WINDOWS 11/Desktop/kpop_agenda/data\20250926_article_2.txt,2561,0
1431,0,932719,117,"'맘카페'에서 난리 난 이지혜 근황 사진…""더 이상 웃겨드릴 수가 없어요""",https://m.entertain.naver.com/ranking/article/117/0003935471,C:/Users/WINDOWS 11/Desktop/kpop_agenda/data\20250423_article_1.txt,1210,-1
1912,0,925814,117,"박소담-박원숙, 할머니 손녀 관계…10년 동안 숨겨 '현장에서도 모른 척'",https://m.entertain.naver.com/ranking/article/117/0003951766,C:/Users/WINDOWS 11/Desktop/kpop_agenda/data\20250610_article_2.txt,1635,0
2602,0,921684,117,"[단독]김종국, 장가간다… 오늘(18일) '런닝맨'서 결혼 발표",https://m.entertain.naver.com/ranking/article/117/0003977428,C:/Users/WINDOWS 11/Desktop/kpop_agenda/data\20250818_article_2.txt,2226,0
2681,0,920391,117,"서장훈, 밤 12시 넘어 장도연에 전화 걸어…""갑자기 가방 사주더라""",https://m.entertain.naver.com/ranking/article/117/0003980119,C:/Users/WINDOWS 11/Desktop/kpop_agenda/data\20250826_article_1.txt,2296,-1
1202,0,919597,477,[단독]윤하 결혼…♥남편은 '44만 유튜버' 과학쿠키였다,https://m.entertain.naver.com/ranking/article/477/0000542162,C:/Users/WINDOWS 11/Desktop/kpop_agenda/data\20250331_article_2.txt,1014,0
2592,0,918982,609,"영화배우 진구, 시력 잃고 세상과 단절‥안내견 대리여행 보냈다(여행을 대신해)",https://m.entertain.naver.com/ranking/article/609/0001023073,C:/Users/WINDOWS 11/Desktop/kpop_agenda/data\20250817_article_2.txt,2217,-1
621,0,916513,312,"[종합] '출연료 4만원' 김대호, 퇴사 이유 올림픽 중계 때문이었다…""할 수 있는 건 다 해"" ('나혼산')",https://m.entertain.naver.com/ranking/article/312/0000698708,C:/Users/WINDOWS 11/Desktop/kpop_agenda/data\20250201_article_1.txt,528,-1
1351,0,913307,109,"'김민기♥' 홍윤화, 결혼 7년 만에 경사…김영희·윤태진도 ""축하한다"" (귀묘한 이야기)",https://m.entertain.naver.com/ranking/article/109/0005283651,C:/Users/WINDOWS 11/Desktop/kpop_agenda/data\20250415_article_1.txt,1135,1
3091,0,908738,76,"김숙 ""사실 담배 못 끊었다...'노담' 외칠 때마다 양심의 가책"" 폭탄 발언 ('도라이버')",https://m.entertain.naver.com/ranking/article/076/0004331801,C:/Users/WINDOWS 11/Desktop/kpop_agenda/data\20251006_article_1.txt,2647,1
2181,0,908557,108,"박위, 합성 無 '두 발로 일어선' 기적 같은 사진..""지은이랑 영국 가고파""",https://m.entertain.naver.com/ranking/article/108/0003344987,C:/Users/WINDOWS 11/Desktop/kpop_agenda/data\20250707_article_1.txt,412,-1
2511,0,907506,312,"'65세' 이미숙, ‘전 재산’ 오픈…""내 나이쯤 되면 100억 보다는"" ('숙스러운')",https://m.entertain.naver.com/ranking/article/312/0000722924,C:/Users/WINDOWS 11/Desktop/kpop_agenda/data\20250809_article_1.txt,2142,-1
1711,0,907126,312,"""전 국민 앞에서 성관계"" 이찬원도 질색했다…알몸으로 침실서 사망 ('셀럽병사')",https://m.entertain.naver.com/ranking/article/312/0000712375,C:/Users/WINDOWS 11/Desktop/kpop_agenda/data\20250521_article_1.txt,1462,-1
1271,0,901294,311,"""잘 어울려"" 강말금, 하정우 ♥열애설 축하 쏟아졌다…""감사합니다""",https://m.entertain.naver.com/ranking/article/311/0001848476,C:/Users/WINDOWS 11/Desktop/kpop_agenda/data\20250407_article_1.txt,1070,-1
681,0,898713,311,"[단독] 'MBC 퇴사' 김대호, 프리 후 첫 고정 꿰찼다…'위대한 가이드2' 합류",https://m.entertain.naver.com/ranking/article/311/0001824417,C:/Users/WINDOWS 11/Desktop/kpop_agenda/data\20250207_article_1.txt,570,2
1581,0,897778,477,"[단독]신민아♥김우빈, 부처님오신날도 함께…'10년째 열애' 커플의 핑크빛 동행",https://m.entertain.naver.com/ranking/article/477/0000548890,C:/Users/WINDOWS 11/Desktop/kpop_agenda/data\20250508_article_1.txt,1340,0
3221,0,896400,311,"김구라, 금 투자 대박났다…""♥아내 덕에 1억→3억 4천 돼"" (그리구라)",https://m.entertain.naver.com/ranking/article/311/0001930537,C:/Users/WINDOWS 11/Desktop/kpop_agenda/data\20251019_article_1.txt,2760,-1
1311,0,895279,410,"‘국내 2벌 드레스’ 주인공 효민, 신랑 얼굴 단체사진서 정면 포착",https://m.entertain.naver.com/ranking/article/410/0001061262,C:/Users/WINDOWS 11/Desktop/kpop_agenda/data\20250411_article_1.txt,1102,0
2961,0,893569,415,"35세 심으뜸, 딩크족 선언 ""아이 때문에 매일 아침 기상, 너무 힘들어""",https://m.entertain.naver.com/ranking/article/415/0000041506,C:/Users/WINDOWS 11/Desktop/kpop_agenda/data\20250923_article_1.txt,2533,-1
1882,0,893272,312,"[단독] 김명민, 2년 만에 결별했다…데뷔 30주년에 심스토리와 동행 마무리",https://m.entertain.naver.com/ranking/article/312/0000714518,C:/Users/WINDOWS 11/Desktop/kpop_agenda/data\20250607_article_2.txt,1609,1
711,0,892351,311,"김대호, 예능 출연 정지 명단 포함...프리 후 날벼락 (사당귀)[종합]",https://m.entertain.naver.com/ranking/article/311/0001825272,C:/Users/WINDOWS 11/Desktop/kpop_agenda/data\20250210_article_1.txt,595,2
2662,0,891679,311,"'다음주 결혼♥' 김종국, 도대체 몇년 열애했길래?…1년 2개월 전부터 울렸던 '시그널' [엑's 이슈]",https://m.entertain.naver.com/ranking/article/311/0001908500,C:/Users/WINDOWS 11/Desktop/kpop_agenda/data\20250824_article_2.txt,2280,0
3231,0,890533,609,"친동생 양세찬도 몰랐다…양세형, ♥안무가와 2년째 열애 중 “댄스팀 Y 소속” (런닝맨)[결정적장면]",https://m.entertain.naver.com/ranking/article/609/0001048554,C:/Users/WINDOWS 11/Desktop/kpop_agenda/data\20251020_article_1.txt,2770,0
1961,0,888809,477,감기로 입원했다가 뇌사상태…19세에 떠난 'NRG 영원한 막내' 故 김환성,https://m.entertain.naver.com/ranking/article/477/0000555277,C:/Users/WINDOWS 11/Desktop/kpop_agenda/data\20250615_article_1.txt,1678,3
2993,0,886859,382,"‘시한부’ 송선미, 폐암 말기→자립청소년에 500만 원 요구…수상해 (생명의 은인)",https://m.entertain.naver.com/ranking/article/382/0001226396,C:/Users/WINDOWS 11/Desktop/kpop_agenda/data\20250926_article_3.txt,2562,1
1731,0,886490,312,"[공식] 11kg 감량한 신봉선, ♥핑크빛 소식 알렸다…'2살 연상' 이기찬과 연프 출연 ('오만추2')",https://m.entertain.naver.com/ranking/article/312/0000712667,C:/Users/WINDOWS 11/Desktop/kpop_agenda/data\20250523_article_1.txt,1482,-1
1691,0,885343,312,'지상욱 前의원♥' 심은하까지 나섰다…24대손 가문 어르신 결혼식에 축하 화환('조선의사랑꾼'),https://m.entertain.naver.com/ranking/article/312/0000712122,C:/Users/WINDOWS 11/Desktop/kpop_agenda/data\20250519_article_1.txt,1443,-1
1651,0,883598,312,"현아, 결혼 후 근황 ""전신 타투 제거 중…살찌니까 태 안 나"" ('용타로')",https://m.entertain.naver.com/ranking/article/312/0000711640,C:/Users/WINDOWS 11/Desktop/kpop_agenda/data\20250515_article_1.txt,1405,-1
1562,0,882858,415,"'174.8cm' 조세호 아내♥, 진짜 슈퍼모델 출신이었다…앳된 얼굴 공개",https://m.entertain.naver.com/ranking/article/415/0000037787,C:/Users/WINDOWS 11/Desktop/kpop_agenda/data\20250506_article_2.txt,1323,0
861,0,881546,312,"이영자, ♥황동주와 정식 연인 됐다…핑크빛으로 맞은 '돌아온 전성기' [TEN피플]",https://m.entertain.naver.com/ranking/article/312/0000701868,C:/Users/WINDOWS 11/Desktop/kpop_agenda/data\20250225_article_1.txt,714,-1
3241,0,879255,312,"박수칠 때 떠난다더니…기안84, 제대로 사고쳤다 '나 혼자 산다' 최고 시청률 견인 [TEN이슈]",https://m.entertain.naver.com/ranking/article/312/0000732432,C:/Users/WINDOWS 11/Desktop/kpop_agenda/data\20251021_article_1.txt,2779,1
991,0,878611,76,"[SC리뷰] 지드래곤, '굿데이' 하차선언…빅뱅 완전체로 복귀하나",https://m.entertain.naver.com/ranking/article/076/0004252530,C:/Users/WINDOWS 11/Desktop/kpop_agenda/data\20250310_article_1.txt,835,-1
3531,0,878537,477,"[단독]에이프릴 윤채경♥이용대, 열애 중…이혼 7년 만에 찾은 새 사랑",https://m.entertain.naver.com/ranking/article/477/0000580271,C:/Users/WINDOWS 11/Desktop/kpop_agenda/data\20251119_article_1.txt,3027,0
981,0,877725,312,"[종합] ""1억 8000만원"" 현금 탈취→징역 5년 구형…진서연 ""속이 다 시원해"" ('꼬꼬무')",https://m.entertain.naver.com/ranking/article/312/0000703432,C:/Users/WINDOWS 11/Desktop/kpop_agenda/data\20250309_article_1.txt,826,3
3502,0,875727,76,"한혜진, 숨겨온 가족사 첫 고백…母 ""어릴 때부터 무겁게 짊어진 아이""",https://m.entertain.naver.com/ranking/article/076/0004346890,C:/Users/WINDOWS 11/Desktop/kpop_agenda/data\20251116_article_2.txt,3005,1
1221,0,874450,117,"'박성광♥' 이솔이, 여성암 투병…""몇 년 살지 몰라, 2세 어렵다"" [전문]",https://m.entertain.naver.com/ranking/article/117/0003928448,C:/Users/WINDOWS 11/Desktop/kpop_agenda/data\20250402_article_1.txt,1026,3
1371,0,873898,468,"‘예의냐, 텃세냐!’ 이동건 카페 논란…“매출은 올랐지만, 마음은 불편”",https://m.entertain.naver.com/ranking/article/468/0001140739,C:/Users/WINDOWS 11/Desktop/kpop_agenda/data\20250417_article_1.txt,1153,2
3361,0,871478,108,"김종민, 결혼 6개월만에 들려온 2세 소식..""내년 2월 6월 새 생명"" [스타이슈][살림남]",https://m.entertain.naver.com/ranking/article/108/0003380627,C:/Users/WINDOWS 11/Desktop/kpop_agenda/data\20251102_article_1.txt,2882,0
3331,0,869112,76,"'52세' 이상민, 재혼 6개월만에 기쁜 소식...""딸·아들 상관없이 아내 닮았으면""",https://m.entertain.naver.com/ranking/article/076/0004340664,C:/Users/WINDOWS 11/Desktop/kpop_agenda/data\20251030_article_1.txt,2856,0
721,0,868076,312,"49세 안정환, 셋째 출산 임박했다…♥이혜원 ""꽃과 편지 선물 받아"" ('선넘패')",https://m.entertain.naver.com/ranking/article/312/0000700125,C:/Users/WINDOWS 11/Desktop/kpop_agenda/data\20250211_article_1.txt,602,1
1621,0,866811,76,"김지혜, 쌍둥이 임신 중 낙상 사고 ""아이들 못 지킨 거 같아 미안"" [전문]",https://m.entertain.naver.com/ranking/article/076/0004275734,C:/Users/WINDOWS 11/Desktop/kpop_agenda/data\20250512_article_1.txt,1375,3
71,0,863026,312,"'57세' 김성령, ♥남편과 별거 고백했다…""살 만큼 살아, 밤마다 혼자 술 마셔"" ('A급장영란')",https://m.entertain.naver.com/ranking/article/312/0000692022,C:/Users/WINDOWS 11/Desktop/kpop_agenda/data\20241208_article_1.txt,67,-1
3232,0,860981,109,"'모친상' 서장훈, 연달아 가족 잃은 비보 전했다..'눈물+오열' ('미우새')",https://m.entertain.naver.com/ranking/article/109/0005413939,C:/Users/WINDOWS 11/Desktop/kpop_agenda/data\20251020_article_2.txt,2771,3
3121,0,859849,477,"전진♥류이서, 결혼 5년만에 딩크 탈출 ""아이 성인되면 70살""('A급장영란')",https://m.entertain.naver.com/ranking/article/477/0000572766,C:/Users/WINDOWS 11/Desktop/kpop_agenda/data\20251009_article_1.txt,2670,0
261,0,854651,433,"[단독] ""바른자세, 맑은정신, 노는아이""…송민호, 상의탈의 파티 현장",https://m.entertain.naver.com/ranking/article/433/0000112323,C:/Users/WINDOWS 11/Desktop/kpop_agenda/data\20241227_article_1.txt,233,2
3252,0,850957,76,"'15개월 아들상' 박보미, ""품안에서 아들 몸 경직...축 늘어져"" 안타까운 고백",https://m.entertain.naver.com/ranking/article/076/0004337140,C:/Users/WINDOWS 11/Desktop/kpop_agenda/data\20251022_article_2.txt,1475,-1
91,0,850460,312,"'39세' 박나래, 김재욱과 ♥핑크빛 오작교 이시언이었다…""요리해 줄 맛 나"" ('나래식')",https://m.entertain.naver.com/ranking/article/312/0000692267,C:/Users/WINDOWS 11/Desktop/kpop_agenda/data\20241210_article_1.txt,86,-1
722,0,850005,109,"""사귄 지 한달"" 전현무, 母는 몰랐고 최측근만 알았다…5월로 결혼 연기 (사당귀)[Oh!쎈 이슈]",https://m.entertain.naver.com/ranking/article/109/0005240126,C:/Users/WINDOWS 11/Desktop/kpop_agenda/data\20250211_article_2.txt,603,0
921,0,847614,312,"[종합] 이영자♥황동주, 공식 연인 됐다…""기분 너무 좋아, 조심스러워"" ('오만추')",https://m.entertain.naver.com/ranking/article/312/0000702686,C:/Users/WINDOWS 11/Desktop/kpop_agenda/data\20250303_article_1.txt,773,-1
1601,0,845343,312,"'흑백요리사' 또 폭로 터졌다…전현무 ""촬영 후 동파육 맛 변해"" ('전현무계획')",https://m.entertain.naver.com/ranking/article/312/0000711122,C:/Users/WINDOWS 11/Desktop/kpop_agenda/data\20250510_article_1.txt,1356,2
1462,0,844347,312,"미미, '응답하라 2002' 캐스팅 됐다…신원호 ""딕션 좋고 개성 있어"" ('지락실3')",https://m.entertain.naver.com/ranking/article/312/0000709581,C:/Users/WINDOWS 11/Desktop/kpop_agenda/data\20250426_article_2.txt,1236,-1
1521,0,842333,76,"박서진, 과거 동거 사실 고백 ""17세에 처음 만나"" ('살림남')",https://m.entertain.naver.com/ranking/article/076/0004272694,C:/Users/WINDOWS 11/Desktop/kpop_agenda/data\20250502_article_1.txt,1289,1
2653,0,841706,312,"'53세' 김석훈, 결혼 7년 차에 안타까운 소식 전했다…""정형외과 가장 많이 방문"" ('세개의')",https://m.entertain.naver.com/ranking/article/312/0000724710,C:/Users/WINDOWS 11/Desktop/kpop_agenda/data\20250823_article_3.txt,2272,-1
1171,0,841615,109,"​‘42세’ 김희철, 전격 결혼발표 “저 드디어 장가 간다”(‘힛트쏭’)",https://m.entertain.naver.com/ranking/article/109/0005270957,C:/Users/WINDOWS 11/Desktop/kpop_agenda/data\20250328_article_1.txt,989,0
241,0,841515,108,"'성심당' 논란 터졌다..정재형 발언에 유재석도 ""어이 無""[스타이슈]",https://m.entertain.naver.com/ranking/article/108/0003291423,C:/Users/WINDOWS 11/Desktop/kpop_agenda/data\20241225_article_1.txt,213,1
3582,0,839550,311,"답례품만? 이장우 결혼식, ♥조혜원 부케도 '호두과자 부케'였다 [엑's 이슈]",https://m.entertain.naver.com/ranking/article/311/0001945109,C:/Users/WINDOWS 11/Desktop/kpop_agenda/data\20251124_article_2.txt,3068,-1
1231,0,837152,108,"""역겨워"" 지브리 감독, AI 그림에 모독 느꼈는데..손담비→맹승지 유행 탑승 [스타이슈]",https://m.entertain.naver.com/ranking/article/108/0003317132,C:/Users/WINDOWS 11/Desktop/kpop_agenda/data\20250403_article_1.txt,1035,-1
3151,0,835839,312,"5.3%→3.0% 시청률 급락에도…이서진, 결국 '나혼산' 못 이겼다 ('비서진')[종합]",https://m.entertain.naver.com/ranking/article/312/0000731083,C:/Users/WINDOWS 11/Desktop/kpop_agenda/data\20251012_article_1.txt,2697,2
3242,0,835210,609,"39세 배우, 교통사고로 갑작스러운 사망‥소속사 측 “믿을 수 없어”",https://m.entertain.naver.com/ranking/article/609/0001048756,C:/Users/WINDOWS 11/Desktop/kpop_agenda/data\20251021_article_2.txt,2772,3
3401,0,834070,312,"박미선, 짧은 머리로 '유퀴즈' 등장…""생존신고하러 왔다""",https://m.entertain.naver.com/ranking/article/312/0000734786,C:/Users/WINDOWS 11/Desktop/kpop_agenda/data\20251106_article_1.txt,2917,-1
1102,0,833735,415,"'무한도전', 16년 만에 부활한다…박명수 공석→유재석 대타",https://m.entertain.naver.com/ranking/article/415/0000036600,C:/Users/WINDOWS 11/Desktop/kpop_agenda/data\20250321_article_2.txt,924,-1
3421,0,831192,421,"[단독] 차인표♥신애라, 며느리 본다…子 차정민, 대기업 前임원 딸과 29일 결혼",https://m.entertain.naver.com/ranking/article/421/0008591724,C:/Users/WINDOWS 11/Desktop/kpop_agenda/data\20251108_article_1.txt,2935,0
862,0,828870,117,"“통장에 15만원” 생활고 사유리, 또 전해진 안타까운 사연",https://m.entertain.naver.com/ranking/article/117/0003916661,C:/Users/WINDOWS 11/Desktop/kpop_agenda/data\20250225_article_2.txt,715,-1
491,0,828704,312,"'MBC 앵커' 김수지, 남편 유명 가수였다…""3살 연상, 첫 눈에 반해"" ('전참시')",https://m.entertain.naver.com/ranking/article/312/0000697178,C:/Users/WINDOWS 11/Desktop/kpop_agenda/data\20250119_article_1.txt,423,2
791,0,826957,117,"""무지하고 무례"" 김신영 사과에도…성난 플레이브 팬들 ""하차해""VS""너무 난리"" [MD이슈](종합)",https://m.entertain.naver.com/ranking/article/117/0003914195,C:/Users/WINDOWS 11/Desktop/kpop_agenda/data\20250218_article_1.txt,657,1
1501,0,825763,117,"'전진♥' 류이서, 마지막 인사 전했다…""너무 고마워 사랑해""",https://m.entertain.naver.com/ranking/article/117/0003938257,C:/Users/WINDOWS 11/Desktop/kpop_agenda/data\20250430_article_1.txt,1270,-1
872,0,824728,312,"'故이선균 사별 후 복귀' 전혜진, ""지금도 답 못 찾아…때때로 최선 다해"" ('라이딩인생')",https://m.entertain.naver.com/ranking/article/312/0000702056,C:/Users/WINDOWS 11/Desktop/kpop_agenda/data\20250226_article_2.txt,725,1
641,0,824400,241,"[단독] 구준엽, 아내 서희원 사망 소식에 “괜찮지 않다..가짜 뉴스 아냐” 비통  (인터뷰)",https://m.entertain.naver.com/ranking/article/241/0003410777,C:/Users/WINDOWS 11/Desktop/kpop_agenda/data\20250203_article_1.txt,546,-1
3201,0,823339,311,"아내 유출한 김종국, 6일만에 입 열었다…""된통 꼬이고 억울, 어처구니 없다"" [전문]",https://m.entertain.naver.com/ranking/article/311/0001929635,C:/Users/WINDOWS 11/Desktop/kpop_agenda/data\20251017_article_1.txt,2740,0
1602,0,820587,108,"김보라·조바른, 결혼 11개월만 파경 ""합의 이혼 마쳤다"" [공식]",https://m.entertain.naver.com/ranking/article/108/0003327482,C:/Users/WINDOWS 11/Desktop/kpop_agenda/data\20250510_article_2.txt,1357,1
3051,0,820043,311,"김나영♥마이큐 재혼 발표 영상 돌연 삭제됐다…""많은 응원+축하 감사"" [공식]",https://m.entertain.naver.com/ranking/article/311/0001924593,C:/Users/WINDOWS 11/Desktop/kpop_agenda/data\20251002_article_1.txt,2611,0
2451,0,819076,312,"전혜빈, 늦깎이 변호사 됐다…대형 로펌 입사, ""개인적인 사연 有"" ('에스콰이어')",https://m.entertain.naver.com/ranking/article/312/0000722161,C:/Users/WINDOWS 11/Desktop/kpop_agenda/data\20250803_article_1.txt,1848,1
3161,0,818477,312,"윤민수 전처, 이혼 이유 밝혔다…""기다리는 것 힘들더라, 지금이 자유로워"" ('미우새')",https://m.entertain.naver.com/ranking/article/312/0000731189,C:/Users/WINDOWS 11/Desktop/kpop_agenda/data\20251013_article_1.txt,2707,0
1061,0,817989,52,"[단독] 이시영, 결혼 8년 만에 이혼…""상호 원만하게 합의""(종합)",https://m.entertain.naver.com/ranking/article/052/0002166306,C:/Users/WINDOWS 11/Desktop/kpop_agenda/data\20250317_article_1.txt,889,0
974,0,817289,109,"나훈아, 괴한 피습으로 얼굴 72바늘이나 꿰매..배후는 남진? (‘이십세기 힛트쏭’)",https://m.entertain.naver.com/ranking/article/109/0005256779,C:/Users/WINDOWS 11/Desktop/kpop_agenda/data\20250308_article_4.txt,819,-1
3641,0,816938,109,"섀넌 도허티, 유방암 전이로 사망...'하루 전 이혼' 전 남편과 법적 분쟁 [Oh!llywood]",https://m.entertain.naver.com/ranking/article/109/0005439146,C:/Users/WINDOWS 11/Desktop/kpop_agenda/data\20251130_article_1.txt,3119,1
661,0,815612,609,"“혼인 신고 안 한 구준엽, 전남편 못 이겨” 故서희원 1천억 유산전쟁 시끌[이슈와치]",https://m.entertain.naver.com/ranking/article/609/0000949267,C:/Users/WINDOWS 11/Desktop/kpop_agenda/data\20250205_article_1.txt,558,-1
2441,0,814177,609,샤이니 키 “술집서 40분간 내 뒷담화 직접 들어…말투 싸가지 없다고”,https://m.entertain.naver.com/ranking/article/609/0001017323,C:/Users/WINDOWS 11/Desktop/kpop_agenda/data\20250802_article_1.txt,2082,2
2492,0,811324,312,"'47세' 박세리, 재벌 2세와 ♥열애 인정했다…""상대가 먼저 고백해"" ('남겨서뭐하게')",https://m.entertain.naver.com/ranking/article/312/0000722650,C:/Users/WINDOWS 11/Desktop/kpop_agenda/data\20250807_article_2.txt,2126,-1
3243,0,810578,76,"'35세' 서하얀, 사업 대박났다...백화점 입점에 ♥임창정도 출동 ""외조하러""",https://m.entertain.naver.com/ranking/article/076/0004336606,C:/Users/WINDOWS 11/Desktop/kpop_agenda/data\20251021_article_3.txt,2780,-1
2191,0,810499,108,"[단독]윤정수, 드디어 장가간다..12세 연하 필라테스 강사와 연내 결혼",https://m.entertain.naver.com/ranking/article/108/0003345286,C:/Users/WINDOWS 11/Desktop/kpop_agenda/data\20250708_article_1.txt,1876,0
1592,0,808705,311,"유재석, 김종민 이어 임원희 결혼식 사회 맡는다…공식 발표 (놀면 뭐하니)",https://m.entertain.naver.com/ranking/article/311/0001862676,C:/Users/WINDOWS 11/Desktop/kpop_agenda/data\20250509_article_2.txt,1347,0
2742,0,805039,108,"""사실이 아니길 바라지만""..고경표, 서울시 향해 소신발언 [스타이슈]",https://m.entertain.naver.com/ranking/article/108/0003361494,C:/Users/WINDOWS 11/Desktop/kpop_agenda/data\20250901_article_2.txt,2350,1
1883,0,804731,108,"""이동건, 길거리서 강해림 손 꼭 잡아""..조윤희는 딸 손잡고 데이트 근황 [스타이슈]",https://m.entertain.naver.com/ranking/article/108/0003335651,C:/Users/WINDOWS 11/Desktop/kpop_agenda/data\20250607_article_3.txt,1610,-1
901,0,804625,312,"남편 간병하다 치매 걸렸다…'41세' 이현이, 알츠하이머에 심경 고백 ('인생2막')",https://m.entertain.naver.com/ranking/article/312/0000702503,C:/Users/WINDOWS 11/Desktop/kpop_agenda/data\20250301_article_1.txt,754,1
3592,0,804542,312,"[공식] 이동휘, 정호연과 결별 1년 만에 기쁜 소식…10살 연하 여배우와 ♥로맨스 호흡 ('양파수프')",https://m.entertain.naver.com/ranking/article/312/0000737292,C:/Users/WINDOWS 11/Desktop/kpop_agenda/data\20251125_article_2.txt,3076,-1
1081,0,804203,117,"주우재, “이거 끊었더니 두통×역류성 식도염 싹 사라져” 강추",https://m.entertain.naver.com/ranking/article/117/0003922993,C:/Users/WINDOWS 11/Desktop/kpop_agenda/data\20250319_article_1.txt,905,-1
812,0,803298,312,"'57세 미혼' 김광규, 결국 사고쳤다…14억 자가 두고 떠났는데, 시작부터 '삐걱' ('샬라샬라')",https://m.entertain.naver.com/ranking/article/312/0000701287,C:/Users/WINDOWS 11/Desktop/kpop_agenda/data\20250220_article_2.txt,674,1
1272,0,802136,416,"전현무-보아, 자택서 음주 방송 해프닝...""SM 매니저가 중단""",https://m.entertain.naver.com/ranking/article/416/0000312916,C:/Users/WINDOWS 11/Desktop/kpop_agenda/data\20250407_article_2.txt,1071,0
842,0,802120,108,"채리나 남편, '강남 칼부림 사건' 피해자였다 ""사망 진단 99%"" [조선의 사랑꾼]",https://m.entertain.naver.com/ranking/article/108/0003305894,C:/Users/WINDOWS 11/Desktop/kpop_agenda/data\20250223_article_2.txt,697,-1
2872,0,801186,312,"[단독] ""8년 전 안양예고서 신예은 보고 첫눈에 ♥반해""…이원정, 7년 차에 뜻깊은 호흡 [인터뷰①]",https://m.entertain.naver.com/ranking/article/312/0000727665,C:/Users/WINDOWS 11/Desktop/kpop_agenda/data\20250914_article_2.txt,2456,1
3311,0,793155,311,"'홍현희♥' 제이쓴, 아들 입던 옷 구독자들에 팔았다…""무조건 저렴하게""",https://m.entertain.naver.com/ranking/article/311/0001934231,C:/Users/WINDOWS 11/Desktop/kpop_agenda/data\20251028_article_1.txt,2836,-1
1681,0,793124,312,"아이들 소연, 저작권료 10억 버는데…""우기 중국 수익이 더 많아""('전참시')",https://m.entertain.naver.com/ranking/article/312/0000712001,C:/Users/WINDOWS 11/Desktop/kpop_agenda/data\20250518_article_1.txt,1433,2
2121,0,789615,108,"박나래, 48kg 살 빼고 백화점 포착..실제로 보면 이런 느낌",https://m.entertain.naver.com/ranking/article/108/0003343027,C:/Users/WINDOWS 11/Desktop/kpop_agenda/data\20250701_article_1.txt,1818,2
2261,0,786669,52,"신지, ♥문원 딸에 재산 상속될까 우려하는 팬에 ""그런 일 없을 것""",https://m.entertain.naver.com/ranking/article/052/0002219004,C:/Users/WINDOWS 11/Desktop/kpop_agenda/data\20250715_article_1.txt,1884,-1
622,0,785257,144,"이장우, ♥조혜원과 결혼 발표",https://m.entertain.naver.com/ranking/article/144/0001015920,C:/Users/WINDOWS 11/Desktop/kpop_agenda/data\20250201_article_2.txt,531,0
131,0,784422,312,"김승수♥양정아, 핑크빛 인정했다…마침내 마음 고백 ""후회할 것 같아"" ('미우새')",https://m.entertain.naver.com/ranking/article/312/0000692820,C:/Users/WINDOWS 11/Desktop/kpop_agenda/data\20241214_article_1.txt,110,0
2831,0,783442,312,"[단독] 김종국, 18년 일한 매니저와 이별…GD 소속사엔 현장 매니저만 이적",https://m.entertain.naver.com/ranking/article/312/0000727246,C:/Users/WINDOWS 11/Desktop/kpop_agenda/data\20250910_article_1.txt,2421,-1
3072,0,782854,117,"'용준형♥' 현아, 임신설 의식했나 ""많이 쳐먹었잖아…뼈말라 좋아했잖아""",https://m.entertain.naver.com/ranking/article/117/0003994790,C:/Users/WINDOWS 11/Desktop/kpop_agenda/data\20251004_article_2.txt,2632,-1
741,0,782689,109,"윤보미, ♥라도와 8년 비밀연애 하더니..""오랫동안 함께 하고파""(나솔사계)",https://m.entertain.naver.com/ranking/article/109/0005241466,C:/Users/WINDOWS 11/Desktop/kpop_agenda/data\20250213_article_1.txt,620,-1
3152,0,782617,144,"‘태양♥’ 민효린, 근황 공개됐다···후덕해진 비주얼 ‘눈길’",https://m.entertain.naver.com/ranking/article/144/0001072667,C:/Users/WINDOWS 11/Desktop/kpop_agenda/data\20251012_article_2.txt,2698,0
802,0,782373,312,"[공식] ""썸에서 사랑으로"" 전현무, 연애 공식화…♥홍주연 아닌 새 사랑 찾았다 ('페루밥')",https://m.entertain.naver.com/ranking/article/312/0000701184,C:/Users/WINDOWS 11/Desktop/kpop_agenda/data\20250219_article_2.txt,666,2
1741,0,781730,410,"“성당 결혼식 포착”…송혜교, 말없이 올린 사진 한 장의 위엄",https://m.entertain.naver.com/ranking/article/410/0001069309,C:/Users/WINDOWS 11/Desktop/kpop_agenda/data\20250524_article_1.txt,1492,-1
3362,0,780687,311,"문가비, 정우성 子 사진 공개 후 댓글창 폐쇄…""자유""vs""조심"" 갑론을박 [엑's 이슈]",https://m.entertain.naver.com/ranking/article/311/0001937012,C:/Users/WINDOWS 11/Desktop/kpop_agenda/data\20251102_article_2.txt,2883,-1
1692,0,779299,312,"유인나, 결국 격분했다 ""치가 떨려""…월 5천 버는 전남편이 안 준 양육비가 8천('탐비')",https://m.entertain.naver.com/ranking/article/312/0000712089,C:/Users/WINDOWS 11/Desktop/kpop_agenda/data\20250519_article_2.txt,1444,3
3073,0,777382,76,"'대세' 이수지, 매니저 갑질 논란 터졌다...""차량서 순대국 국물 좀 먹어 줘""",https://m.entertain.naver.com/ranking/article/076/0004331470,C:/Users/WINDOWS 11/Desktop/kpop_agenda/data\20251004_article_3.txt,2633,2
2512,0,775642,144,홍영기 노출 패션에 갑론을박 “아무도 안쳐다보는게 더 이상”,https://m.entertain.naver.com/ranking/article/144/0001059267,C:/Users/WINDOWS 11/Desktop/kpop_agenda/data\20250809_article_2.txt,2143,-1
1252,0,773953,312,"기안84, 알고보니 대상 거절했었다…""준다고 연락 왔지만 받을 수 없다고"" ('나혼산')",https://m.entertain.naver.com/ranking/article/312/0000706996,C:/Users/WINDOWS 11/Desktop/kpop_agenda/data\20250405_article_2.txt,1052,-1
581,0,773204,312,"달동네 2억집 싹 고쳤는데…김대호, 하차 위기 불거졌다 ""내 자리 위험해"" ('푹다행')",https://m.entertain.naver.com/ranking/article/312/0000698234,C:/Users/WINDOWS 11/Desktop/kpop_agenda/data\20250128_article_1.txt,496,2
3312,0,772973,76,"‘현대家 사돈’ 백지연, 유독가스 흡입 응급실行 “자책·자괴감에 힘들어”",https://m.entertain.naver.com/ranking/article/076/0004339451,C:/Users/WINDOWS 11/Desktop/kpop_agenda/data\20251028_article_2.txt,2837,-1
3074,0,772809,108,"유고운 PD 사망, 권고사직 퇴사→호스피스 병동서 떠났다..난소암 투병 중 비보",https://m.entertain.naver.com/ranking/article/108/0003372167,C:/Users/WINDOWS 11/Desktop/kpop_agenda/data\20251004_article_4.txt,2634,3
843,0,772338,76,"토니안, 베개 피 흥건→삭발된 채로 발견…극심한 우울증 고백(미우새)",https://m.entertain.naver.com/ranking/article/076/0004247628,C:/Users/WINDOWS 11/Desktop/kpop_agenda/data\20250223_article_3.txt,698,0
1701,0,771452,108,"""촬영 중 좋은 감정 생겨"" 박병은·엄지원, 졸지에 결별설까지(짠한형)[스타이슈]",https://m.entertain.naver.com/ranking/article/108/0003330208,C:/Users/WINDOWS 11/Desktop/kpop_agenda/data\20250520_article_1.txt,1452,-1
1292,0,771365,396,"박나래, ‘55억집’ 도난범 알고보니 지인?…“외부침입 흔적 없어”",https://m.entertain.naver.com/ranking/article/396/0000705650,C:/Users/WINDOWS 11/Desktop/kpop_agenda/data\20250409_article_2.txt,1083,3
1172,0,771090,76,"태진아, ♥옥경이 6년 간호 끝 희소식 ""치매 멈춰, 기억 돌아오고 있다""('특종세상')",https://m.entertain.naver.com/ranking/article/076/0004259458,C:/Users/WINDOWS 11/Desktop/kpop_agenda/data\20250328_article_2.txt,990,3
3291,0,771051,117,"'지방시' 후계자♥정다혜, 한국적 결혼식 답례품…""보자기+노리개 포장 양초""",https://m.entertain.naver.com/ranking/article/117/0004001736,C:/Users/WINDOWS 11/Desktop/kpop_agenda/data\20251026_article_1.txt,2820,-1
2721,0,770271,117,"고민시 ""철없던 학창시절 후회… 학폭은 절대 아냐""[전문]",https://m.entertain.naver.com/ranking/article/117/0003981996,C:/Users/WINDOWS 11/Desktop/kpop_agenda/data\20250830_article_1.txt,2330,1
1971,0,767419,117,"송은이, 은행에서 매달 걸려오는 전화 안 받아…""통장만 봐도 웃음이""",https://m.entertain.naver.com/ranking/article/117/0003953939,C:/Users/WINDOWS 11/Desktop/kpop_agenda/data\20250616_article_1.txt,1588,-1
1211,0,766044,117,"나 혼자 '잘' 산다, 키 집 공개에 욕먹는 이유…연예인=부자?",https://m.entertain.naver.com/ranking/article/117/0003927876,C:/Users/WINDOWS 11/Desktop/kpop_agenda/data\20250401_article_1.txt,1018,2
803,0,765685,312,"화사, 박나래와 불화설 터졌다…""수신 거부, 다시는 안 받아"" ('내편하자4')",https://m.entertain.naver.com/ranking/article/312/0000701161,C:/Users/WINDOWS 11/Desktop/kpop_agenda/data\20250219_article_3.txt,662,-1
1352,0,763521,468,"서예지, SNS에 의미심장한 메시지...“아무렇지도 않은 척한다고 아무렇게나 굴지 말아줘요”",https://m.entertain.naver.com/ranking/article/468/0001139967,C:/Users/WINDOWS 11/Desktop/kpop_agenda/data\20250415_article_2.txt,1136,-1
933,0,762930,112,"[팝업★]故 김태욱 전 SBS 아나, 누나 故 김자옥 곁으로..오늘(4일) 4주기",https://m.entertain.naver.com/ranking/article/112/0003749823,C:/Users/WINDOWS 11/Desktop/kpop_agenda/data\20250304_article_3.txt,784,3
3262,0,762607,477,"박봄 측 ""모든 활동 중단하고 치료 전념, 고소장 접수된 적 없어""[공식]",https://m.entertain.naver.com/ranking/article/477/0000575475,C:/Users/WINDOWS 11/Desktop/kpop_agenda/data\20251023_article_2.txt,2795,3
1301,0,762182,117,"사과문은 이렇게 쓰라…전현무, 또 보여줬다 '사과문의 정석' [MD포커스]",https://m.entertain.naver.com/ranking/article/117/0003930743,C:/Users/WINDOWS 11/Desktop/kpop_agenda/data\20250410_article_1.txt,1060,0
2171,0,761283,112,"[팝업★]故 이지수, 지상파 데뷔 앞두고 비보, ‘코빅’도 추모..오늘(6일) 2주기",https://m.entertain.naver.com/ranking/article/112/0003768303,C:/Users/WINDOWS 11/Desktop/kpop_agenda/data\20250706_article_1.txt,1859,3
171,0,759171,477,"박주현, 송민호와 2년째 열애설…소속사 ""사생활 확인 불가""[공식입장]",https://m.entertain.naver.com/ranking/article/477/0000526305,C:/Users/WINDOWS 11/Desktop/kpop_agenda/data\20241218_article_1.txt,153,-1
2611,0,759132,468,"‘비♥’ 김태희, 딸 외모 최초 공개 “첫째 눈은 나, 둘째는 아빠...‘희비교차’”",https://m.entertain.naver.com/ranking/article/468/0001170329,C:/Users/WINDOWS 11/Desktop/kpop_agenda/data\20250819_article_1.txt,2234,0
3593,0,757658,108,"""무례 예고..'무도' 해봐서 알잖아"" 이이경 '카톡'도 공개, 심은경에 '면치기 양해' 구했었다 [스타이슈]",https://m.entertain.naver.com/ranking/article/108/0003386659,C:/Users/WINDOWS 11/Desktop/kpop_agenda/data\20251125_article_3.txt,3049,1
3162,0,756594,76,"임채무, '빚 190억' 두리랜드 직원들 내부 폭로 터졌다...""잔소리 폭격기""",https://m.entertain.naver.com/ranking/article/076/0004333541,C:/Users/WINDOWS 11/Desktop/kpop_agenda/data\20251013_article_2.txt,2708,1
51,0,756441,311,"본능 아내, 곧 7번째 출산…""♥남편, 시댁서 '한번 할까?' 성관계 원해"" 충격 (이혼숙려캠프)[종합]",https://m.entertain.naver.com/ranking/article/311/0001803780,C:/Users/WINDOWS 11/Desktop/kpop_agenda/data\20241206_article_1.txt,47,3
2041,0,754199,477,"[단독]'결혼' 신지, ♥예비 남편은 '7살 연하 후배가수' 문원",https://m.entertain.naver.com/ranking/article/477/0000556408,C:/Users/WINDOWS 11/Desktop/kpop_agenda/data\20250623_article_1.txt,1752,-1
2701,0,753915,312,"[공식] '사당귀' 폐지 청원에 결국…제작진, 김진웅 ""도경완은 서브"" 발언 사과",https://m.entertain.naver.com/ranking/article/312/0000725291,C:/Users/WINDOWS 11/Desktop/kpop_agenda/data\20250828_article_1.txt,2312,1
1372,0,752985,609,은지원 앉은 의자 거슬리네 ‘벌거벗은 세계사’ 결국 중징계,https://m.entertain.naver.com/ranking/article/609/0000976044,C:/Users/WINDOWS 11/Desktop/kpop_agenda/data\20250417_article_2.txt,1154,1
1161,0,751280,609,"조세호 “명품 입고 신혼여행 뭇매, 174㎝ ♥아내 옆 비율이‥” (라디오쇼)",https://m.entertain.naver.com/ranking/article/609/0000968425,C:/Users/WINDOWS 11/Desktop/kpop_agenda/data\20250327_article_1.txt,979,0
2042,0,749477,311,"빠니보틀, '♥열애 중' 공식 인정했다…""꽤나 진지한 만남"" (태계일주4)",https://m.entertain.naver.com/ranking/article/311/0001882059,C:/Users/WINDOWS 11/Desktop/kpop_agenda/data\20250623_article_2.txt,1753,-1
1541,0,748558,468,"‘우리들의 블루스’ 현실됐다…정은혜♥조영남 결혼, 따뜻한 축복물결",https://m.entertain.naver.com/ranking/article/468/0001144659,C:/Users/WINDOWS 11/Desktop/kpop_agenda/data\20250504_article_1.txt,1304,0
3222,0,747190,312,"유재석, ♥나경은과 부부 사생활 공개했다…""키스할 때도 안경 안 벗어""('놀뭐')",https://m.entertain.naver.com/ranking/article/312/0000732166,C:/Users/WINDOWS 11/Desktop/kpop_agenda/data\20251019_article_2.txt,2761,0
1012,0,745658,415,"선예, 결혼해 탈퇴하더니 또 원더걸스 타령 ""좋은 기회 되면 재결성""",https://m.entertain.naver.com/ranking/article/415/0000036324,C:/Users/WINDOWS 11/Desktop/kpop_agenda/data\20250312_article_2.txt,853,-1
2593,0,745566,312,"전현무, 결국 고개 숙였다…무례 논란에 실수 인정 ""오기로 끝까지 하려고"" ('사당귀')",https://m.entertain.naver.com/ranking/article/312/0000723933,C:/Users/WINDOWS 11/Desktop/kpop_agenda/data\20250817_article_3.txt,2218,0
682,0,745479,445,"한 두번이 아니었다...""우리 가족에 흠집내"" 구준엽, 故서희원 전 남편 저격",https://m.entertain.naver.com/ranking/article/445/0000271478,C:/Users/WINDOWS 11/Desktop/kpop_agenda/data\20250207_article_2.txt,571,-1
1411,0,743659,117,"김준희, 큰마음 먹었다…""첫째, 11살에 하늘나라 보내고 망설였는데 수술""",https://m.entertain.naver.com/ranking/article/117/0003934622,C:/Users/WINDOWS 11/Desktop/kpop_agenda/data\20250421_article_1.txt,1191,-1
1132,0,743101,311,"유명 男가수, 주유소에서 포착 '화제'…""연예인이 기름 넣어줌""",https://m.entertain.naver.com/ranking/article/311/0001841870,C:/Users/WINDOWS 11/Desktop/kpop_agenda/data\20250324_article_2.txt,950,-1
361,0,741207,477,"'구독자 83만' 헬스 유튜버 박승현 사망…""건강상 이유""",https://m.entertain.naver.com/ranking/article/477/0000528828,C:/Users/WINDOWS 11/Desktop/kpop_agenda/data\20250106_article_1.txt,317,3
2582,0,741113,311,"오윤아, 발달장애 子 위해 큰 결정 내렸다 ""내년에 20살, 위고비 할 예정…위험할 줄 알았는데""",https://m.entertain.naver.com/ranking/article/311/0001905076,C:/Users/WINDOWS 11/Desktop/kpop_agenda/data\20250816_article_2.txt,2208,0
591,0,740904,117,"베스트커플 시상 도중 ""김해공항 항공기 화재 신고"" 속보…유재석·하하 수상 ('MBC 연예대상')",https://m.entertain.naver.com/ranking/article/117/0003908108,C:/Users/WINDOWS 11/Desktop/kpop_agenda/data\20250129_article_1.txt,502,-1
1341,0,739537,468,"‘짝사랑 끝에 결혼’…김대명♥안은진, ‘슬의생’ 커플의 해피엔딩",https://m.entertain.naver.com/ranking/article/468/0001139653,C:/Users/WINDOWS 11/Desktop/kpop_agenda/data\20250414_article_1.txt,1129,0
1962,0,737925,109,"박하선, 복권 당첨 인증…""꿈을 연달아 꿔서"" ♥류수영 인생역전",https://m.entertain.naver.com/ranking/article/109/0005328628,C:/Users/WINDOWS 11/Desktop/kpop_agenda/data\20250615_article_2.txt,1679,3
2221,0,737638,109,"윤정수, 제작발표회 도중 돌연 퇴장..김숙 ""母부고, 나중에 들어"" 먹먹 ('홈즈')",https://m.entertain.naver.com/ranking/article/109/0005347472,C:/Users/WINDOWS 11/Desktop/kpop_agenda/data\20250711_article_1.txt,1901,0
2743,0,737204,311,"윤민수, 이혼사유 고백…""일반적인 아빠 아냐"" 윤후 속마음 묻고 '후회' (미우새)[종합]",https://m.entertain.naver.com/ranking/article/311/0001911507,C:/Users/WINDOWS 11/Desktop/kpop_agenda/data\20250901_article_3.txt,2351,0
2722,0,735962,311,"이장우♥조혜원, 11월 결혼 결심한 속사정 ""아기 때문, 많이 낳고 싶다"" 미루더니 결국",https://m.entertain.naver.com/ranking/article/311/0001910979,C:/Users/WINDOWS 11/Desktop/kpop_agenda/data\20250830_article_2.txt,2331,0
551,0,735572,312,"""남자와 성관계, 30분 해야 만족""…19금 발언 화끈하네, 유나 '폭탄 선언' ('레인보우7')",https://m.entertain.naver.com/ranking/article/312/0000698018,C:/Users/WINDOWS 11/Desktop/kpop_agenda/data\20250125_article_1.txt,471,-1
1142,0,735265,144,"이영자♥황동주, 경사났다",https://m.entertain.naver.com/ranking/article/144/0001027807,C:/Users/WINDOWS 11/Desktop/kpop_agenda/data\20250325_article_2.txt,960,2
1121,0,734022,312,"성동일, 아들은 과학고→공대 보냈는데…결국 포기, ""내 인생에 숙제는 없어"" ('샬라샬라')",https://m.entertain.naver.com/ranking/article/312/0000705216,C:/Users/WINDOWS 11/Desktop/kpop_agenda/data\20250323_article_1.txt,941,1
1091,0,733238,445,"유튜버 이진호 ""故김새론, 미국서 결혼→유산"" 녹취록 공개...네티즌 '싸늘'",https://m.entertain.naver.com/ranking/article/445/0000279998,C:/Users/WINDOWS 11/Desktop/kpop_agenda/data\20250320_article_1.txt,915,0
3451,0,732922,108,"진태현, 마라톤 출전 중 트럭에 치여 뇌사 상태 빠진 20대 사고에 목소리  ""답답하고 먹먹""",https://m.entertain.naver.com/ranking/article/108/0003383288,C:/Users/WINDOWS 11/Desktop/kpop_agenda/data\20251111_article_1.txt,2961,3
691,0,732617,312,"[전문] 배성재, '14살 연하' ♥김다영과 결혼식 안 한다…""무해한 방법 고민 끝에""",https://m.entertain.naver.com/ranking/article/312/0000699744,C:/Users/WINDOWS 11/Desktop/kpop_agenda/data\20250208_article_1.txt,574,0
3202,0,730366,312,"'47세' 이태곤, 안타까운 소식 전했다…""아이 낳는 게 망설여져, 자주 깜박하기도"" ('건강히어로')",https://m.entertain.naver.com/ranking/article/312/0000731811,C:/Users/WINDOWS 11/Desktop/kpop_agenda/data\20251017_article_2.txt,2741,1
1471,0,728787,312,"전현무, 결국 공개 사과했다…""유부남 고백, 경거망동하지 않을 것"" ('사당귀')",https://m.entertain.naver.com/ranking/article/312/0000709655,C:/Users/WINDOWS 11/Desktop/kpop_agenda/data\20250427_article_1.txt,1243,0
1331,0,728489,410,"박봄, 마이크 셀카로 해명 “이 얼굴, 필터 아니야 메이크업이야”",https://m.entertain.naver.com/ranking/article/410/0001061568,C:/Users/WINDOWS 11/Desktop/kpop_agenda/data\20250413_article_1.txt,1119,2
3022,0,728172,311,"'충즈' 충주맨, 결국 활동 중단 ""수익금 미정산+지속적 주말 동원…소속사와 분쟁""",https://m.entertain.naver.com/ranking/article/311/0001923141,C:/Users/WINDOWS 11/Desktop/kpop_agenda/data\20250929_article_2.txt,2586,1
1021,0,727559,609,"코드 쿤스트, 7년 열애설 여친과 결별? “아기 갖고 싶지만” 전현무 따라가는 중(나래식)",https://m.entertain.naver.com/ranking/article/609/0000962969,C:/Users/WINDOWS 11/Desktop/kpop_agenda/data\20250313_article_1.txt,859,2
1392,0,726910,76,"'사랑과 전쟁' 故 김홍석, 자택서 돌연 사망→경찰 부검...유족들 눈물 속 5주기",https://m.entertain.naver.com/ranking/article/076/0004268005,C:/Users/WINDOWS 11/Desktop/kpop_agenda/data\20250419_article_2.txt,1172,-1
3182,0,726445,109,"'캄보디아 사망' 故서세원 이어..서동주, 연달아 비보였다 '먹먹' [핫피플]",https://m.entertain.naver.com/ranking/article/109/0005410080,C:/Users/WINDOWS 11/Desktop/kpop_agenda/data\20251015_article_2.txt,2726,3
1542,0,724811,312,"[공식] '41세' 이석훈, 3년 만에 결별…""가수 겸 뮤지컬 배우로서 본업에 집중"" ('브런치카페')",https://m.entertain.naver.com/ranking/article/312/0000710442,C:/Users/WINDOWS 11/Desktop/kpop_agenda/data\20250504_article_2.txt,1305,1
1603,0,724481,109,"7kg빠진 구준엽, 故서희원 동생 서희제도 ""너무 보고싶어""..먹먹한 추모ing (Oh!쎈 이슈)",https://m.entertain.naver.com/ranking/article/109/0005302332,C:/Users/WINDOWS 11/Desktop/kpop_agenda/data\20250510_article_3.txt,1358,-1
1071,0,724316,609,"‘사별’ 송선미, 배우 공정환과 새출발 “다정다감하고 후배 잘 챙겨”(아침마당)",https://m.entertain.naver.com/ranking/article/609/0000964708,C:/Users/WINDOWS 11/Desktop/kpop_agenda/data\20250318_article_1.txt,897,-1
3111,0,723980,117,"[단독]쿠시♥비비엔, 9년 연애 끝에 10월 11일 결혼",https://m.entertain.naver.com/ranking/article/117/0003995593,C:/Users/WINDOWS 11/Desktop/kpop_agenda/data\20251008_article_1.txt,2662,-1
2241,0,723470,109,"""죽고 싶지 않아"" 강인했던 섀넌 도허티, 유방암 전이로 별세 1주기[Oh!llywood]",https://m.entertain.naver.com/ranking/article/109/0005349042,C:/Users/WINDOWS 11/Desktop/kpop_agenda/data\20250713_article_1.txt,1918,3
2821,0,723387,117,[단독]'새신랑' 권율의 아내… 알고보니 황승언 친동생,https://m.entertain.naver.com/ranking/article/117/0003985952,C:/Users/WINDOWS 11/Desktop/kpop_agenda/data\20250909_article_1.txt,2415,0
1051,0,720969,396,"김새론 유족, 김수현과 소속사에 “공식 사과 외엔 바라는 것 없어”",https://m.entertain.naver.com/ranking/article/396/0000702943,C:/Users/WINDOWS 11/Desktop/kpop_agenda/data\20250316_article_1.txt,880,1
2682,0,720455,312,"김병만 재혼 아내, 알고보니 '전여친'이었다…""母가 연락해 재회, 돌고 돌아 만난 인연"" ('사랑꾼')",https://m.entertain.naver.com/ranking/article/312/0000725063,C:/Users/WINDOWS 11/Desktop/kpop_agenda/data\20250826_article_2.txt,2297,0
1191,0,719984,410,"이시영, 이혼 후 가발 벗고 진짜 일상으로…파리서도 “아침 7시 바게트 사러 나가요”",https://m.entertain.naver.com/ranking/article/410/0001058699,C:/Users/WINDOWS 11/Desktop/kpop_agenda/data\20250330_article_1.txt,1005,2
911,0,717698,312,"[공식] 김선호, 겹경사 터졌다…고윤정과 ♥핑크빛→차은우와 한솥밥, 판타지오서 새출발",https://m.entertain.naver.com/ranking/article/312/0000702577,C:/Users/WINDOWS 11/Desktop/kpop_agenda/data\20250302_article_1.txt,764,1
1752,0,715151,76,"추자현, 무속인 됐다..“함께하는 분들에 대한 믿음 커”",https://m.entertain.naver.com/ranking/article/076/0004280390,C:/Users/WINDOWS 11/Desktop/kpop_agenda/data\20250525_article_2.txt,1503,1
1441,0,714903,117,"유태오♥니키 리, 따로 또 같이 간다…""각자 삶 존중""",https://m.entertain.naver.com/ranking/article/117/0003935790,C:/Users/WINDOWS 11/Desktop/kpop_agenda/data\20250424_article_1.txt,1217,-1
2663,0,714008,241,"[단독] ‘공개 열애’ 김지석♥이주명, 로맨틱 하와이 휴가 포착",https://m.entertain.naver.com/ranking/article/241/0003461763,C:/Users/WINDOWS 11/Desktop/kpop_agenda/data\20250824_article_3.txt,2281,-1
2901,0,711307,311,"박희순, '5년째 활동無 ♥박예진' 언급했다…""부부끼리 대본리딩? 창피해서 못해""",https://m.entertain.naver.com/ranking/article/311/0001918101,C:/Users/WINDOWS 11/Desktop/kpop_agenda/data\20250917_article_1.txt,2483,1
822,0,710939,477,"이민호, 박봄 셀프 열애설에 침묵 깼다 ""사실무근, 친분 無""[공식입장]",https://m.entertain.naver.com/ranking/article/477/0000535652,C:/Users/WINDOWS 11/Desktop/kpop_agenda/data\20250221_article_2.txt,680,-1
1972,0,710731,410,"“나도 딸 있는데…” 이광기, 눈물로 걸은 숲 속 입장식",https://m.entertain.naver.com/ranking/article/410/0001073622,C:/Users/WINDOWS 11/Desktop/kpop_agenda/data\20250616_article_2.txt,1688,0
2493,0,709426,109,"김지훈, 활동중단 3년 ""돈 다 떨어지고 희망도 없어..건강도 악화""[핫피플]",https://m.entertain.naver.com/ranking/article/109/0005365500,C:/Users/WINDOWS 11/Desktop/kpop_agenda/data\20250807_article_3.txt,2127,1
1753,0,707116,311,"전호준, 피투성이 얼굴로 반박…전여친 폭행 주장에 사진+음성 공개 [엑's 이슈]",https://m.entertain.naver.com/ranking/article/311/0001869851,C:/Users/WINDOWS 11/Desktop/kpop_agenda/data\20250525_article_3.txt,1504,-1
1451,0,706072,144,"‘♥홍상수’ 김민희, 아들 품에 안고…따스한 봄 나들이",https://m.entertain.naver.com/ranking/article/144/0001035349,C:/Users/WINDOWS 11/Desktop/kpop_agenda/data\20250425_article_1.txt,1226,0
2731,0,704213,312,"강기영, 교통사고로 응급실行…""처절한 상태로 실려와, 변곡점 될 것"" ('메리킬즈')",https://m.entertain.naver.com/ranking/article/312/0000725696,C:/Users/WINDOWS 11/Desktop/kpop_agenda/data\20250831_article_1.txt,2340,-1
1253,0,703761,410,"또 달라진 모습…박봄, 날렵해진 얼굴 윤곽+인형 미모",https://m.entertain.naver.com/ranking/article/410/0001059878,C:/Users/WINDOWS 11/Desktop/kpop_agenda/data\20250405_article_3.txt,1053,2
592,0,703063,311,"아나운서의 반란, ""어차피 대상"" 공식 깬 전현무→바짝 쫓는 김대호 [MBC 방송연예대상①]",https://m.entertain.naver.com/ranking/article/311/0001821306,C:/Users/WINDOWS 11/Desktop/kpop_agenda/data\20250129_article_2.txt,503,2
2732,0,702915,213,"이효정♥김미란, 60평→30평대로 이사…""피치 못하게 저희 부부만"" ('동치미')",https://m.entertain.naver.com/ranking/article/213/0001351105,C:/Users/WINDOWS 11/Desktop/kpop_agenda/data\20250831_article_2.txt,2341,1
3611,0,702889,312,"[공식] '42세' 유연석, 드디어 벅찬 소식 알렸다…6살 연하 여배우와 '신이랑 법률사무소'에서 호흡",https://m.entertain.naver.com/ranking/article/312/0000737631,C:/Users/WINDOWS 11/Desktop/kpop_agenda/data\20251127_article_1.txt,3093,1
3052,0,702865,312,"[공식] '65세' 이미숙, 기쁜 소식 전했다…2살 연상 ♥강석우와 황혼 로맨스 ('찬란한')",https://m.entertain.naver.com/ranking/article/312/0000730158,C:/Users/WINDOWS 11/Desktop/kpop_agenda/data\20251002_article_2.txt,2612,1
271,0,701983,312,"'재산 1조설' 유재석, 고강도 세무조사 받았다더니…'놀뭐' 4억 7000만 원 기부 [공식]",https://m.entertain.naver.com/ranking/article/312/0000694590,C:/Users/WINDOWS 11/Desktop/kpop_agenda/data\20241228_article_1.txt,243,3
2061,0,701262,311,"황혜영, '연 매출 100억' 쇼핑몰 결국 접는다…""하루 매출 4억, 더는 못 해""",https://m.entertain.naver.com/ranking/article/311/0001882915,C:/Users/WINDOWS 11/Desktop/kpop_agenda/data\20250625_article_1.txt,1767,0
3341,0,700148,311,"이수지가 또 해냈다…대치동맘 이어 '163cm·48kg' 변신, 현실 고증 ""경이로워"" [엑's 이슈]",https://m.entertain.naver.com/ranking/article/311/0001935891,C:/Users/WINDOWS 11/Desktop/kpop_agenda/data\20251031_article_1.txt,2864,2
3081,0,699845,109,"‘조정석♥’ 거미, 임신 5개월 근황 포착..볼록한 배 감싸안고 “아기가 너무 순해”(행복해다홍)",https://m.entertain.naver.com/ranking/article/109/0005405244,C:/Users/WINDOWS 11/Desktop/kpop_agenda/data\20251005_article_1.txt,2640,0
761,0,699704,109,"""사귄 지 한달"" 전현무, 최측근에만 밝힌 결혼설…홍주연도 ""OK"" 한 상태 [Oh!쎈 이슈]",https://m.entertain.naver.com/ranking/article/109/0005242985,C:/Users/WINDOWS 11/Desktop/kpop_agenda/data\20250215_article_1.txt,637,0
804,0,698526,117,"'무도 출연' 요가 강사 이유주, 18일 사망…마지막 SNS는 ""BYE""",https://m.entertain.naver.com/ranking/article/117/0003914851,C:/Users/WINDOWS 11/Desktop/kpop_agenda/data\20250219_article_4.txt,667,-1
1884,0,697969,410,"故최진실 딸 최준희, ♥남친과 ‘연애 초’ 데이트…이모할머니 염색까지 뚝딱",https://m.entertain.naver.com/ranking/article/410/0001072006,C:/Users/WINDOWS 11/Desktop/kpop_agenda/data\20250607_article_4.txt,1611,-1
2621,0,697901,312,"[공식] 박보검, 김소현과 ♥핑크빛 이어 깜짝 소식 전했다…앙코르 팬미팅 개최",https://m.entertain.naver.com/ranking/article/312/0000724242,C:/Users/WINDOWS 11/Desktop/kpop_agenda/data\20250820_article_1.txt,2244,1
2071,0,697208,108,"'활동 중단' 박미선 건강 상태 알려졌다..이봉원 ""잘 치료 받고 휴식 중""[라스][★밤TView]",https://m.entertain.naver.com/ranking/article/108/0003341489,C:/Users/WINDOWS 11/Desktop/kpop_agenda/data\20250626_article_1.txt,1686,-1
2051,0,696915,109,"이동국 '오둥이' 근황, 1천만원 샤넬백 든 재시·日 훈련 간 '대박이' [Oh!쎈 이슈]",https://m.entertain.naver.com/ranking/article/109/0005335101,C:/Users/WINDOWS 11/Desktop/kpop_agenda/data\20250624_article_1.txt,1214,0
1532,0,695024,477,"유재석·문세윤, 뒤늦게 알려진 마음 씀씀이…'조모상' 이세영 ""생각도 못했다""",https://m.entertain.naver.com/ranking/article/477/0000548212,C:/Users/WINDOWS 11/Desktop/kpop_agenda/data\20250503_article_2.txt,1295,3
1212,0,693918,311,"신정환, 교도소서 연쇄살인범 강호순과 대면...""자꾸 사진 달라고...방 안에 초상화 가득"" (논논논)",https://m.entertain.naver.com/ranking/article/311/0001845572,C:/Users/WINDOWS 11/Desktop/kpop_agenda/data\20250401_article_2.txt,1019,1
1963,0,693215,213,"이채연, 3천모 모발 이식했다 ""'워터밤' 때 흑채 뿌렸는데 탈모설"" ('아는형님')",https://m.entertain.naver.com/ranking/article/213/0001342282,C:/Users/WINDOWS 11/Desktop/kpop_agenda/data\20250615_article_3.txt,1680,-1
3132,0,692430,410,[속보]이진호 음주운전 신고한 여자친구 숨진 채 발견…경찰 “정확한 경위 조사 중”,https://m.entertain.naver.com/ranking/article/410/0001093237,C:/Users/WINDOWS 11/Desktop/kpop_agenda/data\20251010_article_2.txt,2679,3
1491,0,692281,382,"이승기, 처가와 손절 선언 “가족간의 신뢰 훼손”[공식]",https://m.entertain.naver.com/ranking/article/382/0001194239,C:/Users/WINDOWS 11/Desktop/kpop_agenda/data\20250429_article_1.txt,1261,1
1671,0,691671,312,"서장훈, 또 폭로 당했다…측근들에 실체 밝혀져 ""선배였다면"" ('아형')",https://m.entertain.naver.com/ranking/article/312/0000711929,C:/Users/WINDOWS 11/Desktop/kpop_agenda/data\20250517_article_1.txt,1423,-1
2271,0,690857,312,"곽선희, 성소수자 고백…♥여친과 스킨십에 깡미도 공식 응원",https://m.entertain.naver.com/ranking/article/312/0000719684,C:/Users/WINDOWS 11/Desktop/kpop_agenda/data\20250716_article_1.txt,1939,-1
3382,0,690770,76,"미용사된 이지현, 3개월 만에 미용실 떠난다..예약 접수 NO ""곧 졸업""",https://m.entertain.naver.com/ranking/article/076/0004343002,C:/Users/WINDOWS 11/Desktop/kpop_agenda/data\20251104_article_2.txt,2900,1
1631,0,690506,109,"티아라 함은정 ""재계 10순위 다이아몬드 수저 출신"" (아침마당)[순간포착]",https://m.entertain.naver.com/ranking/article/109/0005304402,C:/Users/WINDOWS 11/Desktop/kpop_agenda/data\20250513_article_1.txt,1385,-1
3211,0,690465,76,"이수근, '1박2일' 하차 12년만 고백 ""노홍철 이해 안 돼, 너무 괴로웠다"" ('짠한형')",https://m.entertain.naver.com/ranking/article/076/0004335538,C:/Users/WINDOWS 11/Desktop/kpop_agenda/data\20251018_article_1.txt,2750,2
732,0,689584,312,"'20세' 장원영, 모태 금수저였다…부촌 동네서 유명 ""잘 알고 있어"" ('홈즈')",https://m.entertain.naver.com/ranking/article/312/0000700209,C:/Users/WINDOWS 11/Desktop/kpop_agenda/data\20250212_article_2.txt,612,2
411,0,689569,415,"차주영, 이번에도 가슴 노출했다…'더글로리' CG→ '원경' 또 CG",https://m.entertain.naver.com/ranking/article/415/0000034928,C:/Users/WINDOWS 11/Desktop/kpop_agenda/data\20250111_article_1.txt,359,1
1682,0,689442,312,"김태호 PD, 결국 일 냈다…나영석은 어쩌고, '1박2일' 손 잡고 세계관 대통합 ('지구마불3')",https://m.entertain.naver.com/ranking/article/312/0000711980,C:/Users/WINDOWS 11/Desktop/kpop_agenda/data\20250518_article_2.txt,1434,1
2141,0,689018,108,"악뮤 이수현, 또다시 안타까운 근황..""많이 보고 싶을거야 사랑해""",https://m.entertain.naver.com/ranking/article/108/0003343678,C:/Users/WINDOWS 11/Desktop/kpop_agenda/data\20250703_article_1.txt,947,-1
3183,0,688164,109,"유병재, 공개연애 1년 만에 '♥9살 연하' 안유정과 '결혼설' 해프닝 [핫피플]",https://m.entertain.naver.com/ranking/article/109/0005410038,C:/Users/WINDOWS 11/Desktop/kpop_agenda/data\20251015_article_3.txt,2727,-1
1072,0,687426,312,"""합의 이혼"" 토니안, 16년 만에 갈라섰다…""위기도 잘 이겨냈는데, 압박 느껴져"" ('신랑수업')",https://m.entertain.naver.com/ranking/article/312/0000704588,C:/Users/WINDOWS 11/Desktop/kpop_agenda/data\20250318_article_2.txt,898,0
642,0,686807,109,"""사귄 지 한달"" 전현무, 최측근만 알았던 3월 결혼…대상 받고 겹경사 (사당귀)[종합]",https://m.entertain.naver.com/ranking/article/109/0005235716,C:/Users/WINDOWS 11/Desktop/kpop_agenda/data\20250203_article_2.txt,541,2
961,0,686008,468,"빅뱅 출신 승리, 미모의 여성과 뼈해장국 식당서 포착! “두 입 먹고 일어났다”",https://m.entertain.naver.com/ranking/article/468/0001130369,C:/Users/WINDOWS 11/Desktop/kpop_agenda/data\20250307_article_1.txt,808,-1
1611,0,685019,311,"이상민 재혼, 알고보니 민경훈 덕 ""♥아내와 평생 함께할 것"" (아는형님)[전일야화]",https://m.entertain.naver.com/ranking/article/311/0001863424,C:/Users/WINDOWS 11/Desktop/kpop_agenda/data\20250511_article_1.txt,1365,0
3351,0,684339,312,"[공식] 정준원, 고윤정과 ♥핑크빛 6개월 만에 깜짝 소식…11년 차에 첫 고정 예능 출연 ('알바로')",https://m.entertain.naver.com/ranking/article/312/0000734131,C:/Users/WINDOWS 11/Desktop/kpop_agenda/data\20251101_article_1.txt,2873,2
3521,0,684129,609,[단독]김호중 소망교도소 성가 봉사자들 목격담 “어쩐지 표정 어두워 보였다”,https://m.entertain.naver.com/ranking/article/609/0001058835,C:/Users/WINDOWS 11/Desktop/kpop_agenda/data\20251118_article_1.txt,3019,1
2062,0,683536,312,"[공식] 은지원, '재혼 발표' 2주 만에 기쁜 소식 전했다…내달 첫방 '돌싱글즈7' MC 잔류",https://m.entertain.naver.com/ranking/article/312/0000716890,C:/Users/WINDOWS 11/Desktop/kpop_agenda/data\20250625_article_2.txt,1768,-1
